fecha,datatype,station,value,fl_m,fl_q,fl_so,fl_t,units
2016-01-01,PRCP,GHCND:AR000875850,0,,,S,,mm_tenths
2016-01-02,PRCP,GHCND:AR000875850,180,,,S,,mm_tenths
2016-01-03,PRCP,GHCND:AR000875850,0,,,S,,mm_tenths
2016-01-05,PRCP,GHCND:AR000875850,10,,,S,,mm_tenths
2016-01-06,PRCP,GHCND:AR000875850,0,,,S,,mm_tenths
2016-01-08,PRCP,GHCND:AR000875850,0,,,S,,mm_tenths
2016-01-11,PRCP,GHCND:AR000875850,20,,,S,,mm_tenths
2016-01-12,PRCP,GHCND:AR000875850,0,,,S,,mm_tenths
2016-01-13,PRCP,GHCND:AR000875850,0,,,S,,mm_tenths
2016-01-21,PRCP,GHCND:AR000875850,0,,,S,,mm_tenths
2016-01-23,PRCP,GHCND:AR000875850,41,,,S,,mm_tenths
2016-01-24,PRCP,GHCND:AR000875850,0,,,S,,mm_tenths
2016-01-25,PRCP,GHCND:AR000875850,71,,,S,,mm_tenths
2016-01-26,PRCP,GHCND:AR000875850,0,,,S,,mm_tenths
2016-01-29,PRCP,GHCND:AR000875850,0,,,S,,mm_tenths
2016-01-30,PRCP,GHCND:AR000875850,30,,,S,,mm_tenths
2016-01-31,PRCP,GHCND:AR000875850,0,,,S,,mm_tenths
2016-02-08,PRCP,GHCND:AR000875850,399,,,S,,mm_tenths
2016-02-09,PRCP,GHCND:AR000875850,99,,,S,,mm_tenths
2016-02-10,PRCP,GHCND:AR000875850,0,,,S,,mm_tenths
2016-02-13,PRCP,GHCND:AR000875850,450,,,S,,mm_tenths
2016-02-14,PRCP,GHCND:AR000875850,0,,,S,,mm_tenths
2016-02-17,PRCP,GHCND:AR000875850,391,,,S,,mm_tenths
2016-02-18,PRCP,GHCND:AR000875850,0,,,S,,mm_tenths
2016-02-19,PRCP,GHCND:AR000875850,310,,,S,,mm_tenths
2016-02-20,PRCP,GHCND:AR000875850,30,,,S,,mm_tenths
2016-02-21,PRCP,GHCND:AR000875850,0,,,S,,mm_tenths
2016-02-26,PRCP,GHCND:AR000875850,71,,,S,,mm_tenths
2016-02-27,PRCP,GHCND:AR000875850,150,,,S,,mm_tenths
2016-02-28,PRCP,GHCND:AR000875850,0,,,S,,mm_tenths
2016-03-01,PRCP,GHCND:AR000875850,41,,,S,,mm_tenths
2016-03-02,PRCP,GHCND:AR000875850,0,,,S,,mm_tenths
2016-03-05,PRCP,GHCND:AR000875850,30,,,S,,mm_tenths
2016-03-06,PRCP,GHCND:AR000875850,0,,,S,,mm_tenths
2016-03-11,PRCP,GHCND:AR000875850,3,,,S,,mm_tenths
2016-03-12,PRCP,GHCND:AR000875850,0,,,S,,mm_tenths
2016-03-18,PRCP,GHCND:AR000875850,279,,,S,,mm_tenths
2016-03-19,PRCP,GHCND:AR000875850,10,,,S,,mm_tenths
2016-03-20,PRCP,GHCND:AR000875850,0,,,S,,mm_tenths
2016-03-21,PRCP,GHCND:AR000875850,109,,,S,,mm_tenths
2016-03-22,PRCP,GHCND:AR000875850,0,,,S,,mm_tenths
2016-04-02,PRCP,GHCND:AR000875850,521,,,S,,mm_tenths
2016-04-03,PRCP,GHCND:AR000875850,99,,,S,,mm_tenths
2016-04-04,PRCP,GHCND:AR000875850,10,,,S,,mm_tenths
2016-04-05,PRCP,GHCND:AR000875850,279,,,S,,mm_tenths
2016-04-06,PRCP,GHCND:AR000875850,150,,,S,,mm_tenths
2016-04-07,PRCP,GHCND:AR000875850,0,,,S,,mm_tenths
2016-04-08,PRCP,GHCND:AR000875850,20,,,S,,mm_tenths
2016-04-09,PRCP,GHCND:AR000875850,79,,,S,,mm_tenths
2016-04-10,PRCP,GHCND:AR000875850,41,,,S,,mm_tenths
2016-04-11,PRCP,GHCND:AR000875850,10,,,S,,mm_tenths
2016-04-12,PRCP,GHCND:AR000875850,0,,,S,,mm_tenths
2016-04-13,PRCP,GHCND:AR000875850,61,,,S,,mm_tenths
2016-04-14,PRCP,GHCND:AR000875850,20,,,S,,mm_tenths
2016-04-15,PRCP,GHCND:AR000875850,41,,,S,,mm_tenths
2016-04-16,PRCP,GHCND:AR000875850,279,,,S,,mm_tenths
2016-04-17,PRCP,GHCND:AR000875850,0,,,S,,mm_tenths
2016-04-18,PRCP,GHCND:AR000875850,79,,,S,,mm_tenths
2016-04-19,PRCP,GHCND:AR000875850,330,,,S,,mm_tenths
2016-04-20,PRCP,GHCND:AR000875850,30,,,S,,mm_tenths
2016-04-21,PRCP,GHCND:AR000875850,0,,,S,,mm_tenths
2016-04-23,PRCP,GHCND:AR000875850,5,,,S,,mm_tenths
2016-04-24,PRCP,GHCND:AR000875850,0,,,S,,mm_tenths
2016-04-25,PRCP,GHCND:AR000875850,300,,,S,,mm_tenths
2016-04-26,PRCP,GHCND:AR000875850,8,,,S,,mm_tenths
2016-04-27,PRCP,GHCND:AR000875850,0,,,S,,mm_tenths
2016-05-06,PRCP,GHCND:AR000875850,30,,,S,,mm_tenths
2016-05-07,PRCP,GHCND:AR000875850,0,,,S,,mm_tenths
2016-05-11,PRCP,GHCND:AR000875850,0,,,S,,mm_tenths
2016-05-15,PRCP,GHCND:AR000875850,3,,,S,,mm_tenths
2016-05-16,PRCP,GHCND:AR000875850,30,,,S,,mm_tenths
2016-05-17,PRCP,GHCND:AR000875850,0,,,S,,mm_tenths
2016-05-29,PRCP,GHCND:AR000875850,310,,,S,,mm_tenths
2016-05-30,PRCP,GHCND:AR000875850,41,,,S,,mm_tenths
2016-05-31,PRCP,GHCND:AR000875850,3,,,S,,mm_tenths
2016-06-01,PRCP,GHCND:AR000875850,0,,,S,,mm_tenths
2016-06-02,PRCP,GHCND:AR000875850,8,,,S,,mm_tenths
2016-06-03,PRCP,GHCND:AR000875850,30,,,S,,mm_tenths
2016-06-04,PRCP,GHCND:AR000875850,20,,,S,,mm_tenths
2016-06-05,PRCP,GHCND:AR000875850,0,,,S,,mm_tenths
2016-06-06,PRCP,GHCND:AR000875850,0,,,S,,mm_tenths
2016-06-10,PRCP,GHCND:AR000875850,8,,,S,,mm_tenths
2016-06-11,PRCP,GHCND:AR000875850,0,,,S,,mm_tenths
2016-06-26,PRCP,GHCND:AR000875850,0,,,S,,mm_tenths
2016-06-27,PRCP,GHCND:AR000875850,130,,,S,,mm_tenths
2016-06-28,PRCP,GHCND:AR000875850,61,,,S,,mm_tenths
2016-06-29,PRCP,GHCND:AR000875850,0,,,S,,mm_tenths
2016-06-30,PRCP,GHCND:AR000875850,3,,,S,,mm_tenths
2016-07-01,PRCP,GHCND:AR000875850,30,,,S,,mm_tenths
2016-07-02,PRCP,GHCND:AR000875850,51,,,S,,mm_tenths
2016-07-03,PRCP,GHCND:AR000875850,399,,,S,,mm_tenths
2016-07-04,PRCP,GHCND:AR000875850,480,,,S,,mm_tenths
2016-07-05,PRCP,GHCND:AR000875850,5,,,S,,mm_tenths
2016-07-06,PRCP,GHCND:AR000875850,51,,,S,,mm_tenths
2016-07-07,PRCP,GHCND:AR000875850,0,,,S,,mm_tenths
2016-07-12,PRCP,GHCND:AR000875850,140,,,S,,mm_tenths
2016-07-13,PRCP,GHCND:AR000875850,0,,,S,,mm_tenths
2016-07-15,PRCP,GHCND:AR000875850,10,,,S,,mm_tenths
2016-07-16,PRCP,GHCND:AR000875850,0,,,S,,mm_tenths
2016-07-26,PRCP,GHCND:AR000875850,290,,,S,,mm_tenths
2016-07-27,PRCP,GHCND:AR000875850,221,,,S,,mm_tenths
2016-07-28,PRCP,GHCND:AR000875850,0,,,S,,mm_tenths
2016-07-31,PRCP,GHCND:AR000875850,8,,,S,,mm_tenths
2016-08-01,PRCP,GHCND:AR000875850,160,,,S,,mm_tenths
2016-08-02,PRCP,GHCND:AR000875850,0,,,S,,mm_tenths
2016-08-06,PRCP,GHCND:AR000875850,20,,,S,,mm_tenths
2016-08-07,PRCP,GHCND:AR000875850,0,,,S,,mm_tenths
2016-08-09,PRCP,GHCND:AR000875850,30,,,S,,mm_tenths
2016-08-10,PRCP,GHCND:AR000875850,0,,,S,,mm_tenths
2016-08-27,PRCP,GHCND:AR000875850,61,,,S,,mm_tenths
2016-08-28,PRCP,GHCND:AR000875850,470,,,S,,mm_tenths
2016-08-29,PRCP,GHCND:AR000875850,0,,,S,,mm_tenths
2016-09-05,PRCP,GHCND:AR000875850,119,,,S,,mm_tenths
2016-09-06,PRCP,GHCND:AR000875850,130,,,S,,mm_tenths
2016-09-07,PRCP,GHCND:AR000875850,30,,,S,,mm_tenths
2016-09-08,PRCP,GHCND:AR000875850,0,,,S,,mm_tenths
2016-09-09,PRCP,GHCND:AR000875850,0,,,S,,mm_tenths
2016-09-12,PRCP,GHCND:AR000875850,0,,,S,,mm_tenths
2016-09-13,PRCP,GHCND:AR000875850,269,,,S,,mm_tenths
2016-09-14,PRCP,GHCND:AR000875850,0,,,S,,mm_tenths
2016-09-18,PRCP,GHCND:AR000875850,0,,,S,,mm_tenths
2016-10-01,PRCP,GHCND:AR000875850,0,,,S,,mm_tenths
2016-10-02,PRCP,GHCND:AR000875850,0,,,S,,mm_tenths
2016-10-03,PRCP,GHCND:AR000875850,41,,,S,,mm_tenths
2016-10-04,PRCP,GHCND:AR000875850,0,,,S,,mm_tenths
2016-10-05,PRCP,GHCND:AR000875850,0,,,S,,mm_tenths
2016-10-06,PRCP,GHCND:AR000875850,3,,,S,,mm_tenths
2016-10-07,PRCP,GHCND:AR000875850,79,,,S,,mm_tenths
2016-10-08,PRCP,GHCND:AR000875850,30,,,S,,mm_tenths
2016-10-09,PRCP,GHCND:AR000875850,0,,,S,,mm_tenths
2016-10-11,PRCP,GHCND:AR000875850,0,,,S,,mm_tenths
2016-10-13,PRCP,GHCND:AR000875850,10,,,S,,mm_tenths
2016-10-14,PRCP,GHCND:AR000875850,0,,,S,,mm_tenths
2016-10-15,PRCP,GHCND:AR000875850,340,,,S,,mm_tenths
2016-10-16,PRCP,GHCND:AR000875850,170,,,S,,mm_tenths
2016-10-17,PRCP,GHCND:AR000875850,0,,,S,,mm_tenths
2016-10-19,PRCP,GHCND:AR000875850,391,,,S,,mm_tenths
2016-10-20,PRCP,GHCND:AR000875850,249,,,S,,mm_tenths
2016-10-21,PRCP,GHCND:AR000875850,10,,,S,,mm_tenths
2016-10-22,PRCP,GHCND:AR000875850,0,,,S,,mm_tenths
2016-10-26,PRCP,GHCND:AR000875850,130,,,S,,mm_tenths
2016-10-27,PRCP,GHCND:AR000875850,8,,,S,,mm_tenths
2016-10-28,PRCP,GHCND:AR000875850,0,,,S,,mm_tenths
2016-11-01,PRCP,GHCND:AR000875850,170,,,S,,mm_tenths
2016-11-02,PRCP,GHCND:AR000875850,259,,,S,,mm_tenths
2016-11-03,PRCP,GHCND:AR000875850,3,,,S,,mm_tenths
2016-11-04,PRCP,GHCND:AR000875850,0,,,S,,mm_tenths
2016-11-13,PRCP,GHCND:AR000875850,3,,,S,,mm_tenths
2016-11-14,PRCP,GHCND:AR000875850,211,,,S,,mm_tenths
2016-11-15,PRCP,GHCND:AR000875850,0,,,S,,mm_tenths
2016-12-06,PRCP,GHCND:AR000875850,5,,,S,,mm_tenths
2016-12-07,PRCP,GHCND:AR000875850,0,,,S,,mm_tenths
2016-12-23,PRCP,GHCND:AR000875850,269,,,S,,mm_tenths
2016-12-24,PRCP,GHCND:AR000875850,0,,,S,,mm_tenths
2016-12-25,PRCP,GHCND:AR000875850,150,,,S,,mm_tenths
2016-12-26,PRCP,GHCND:AR000875850,381,,,S,,mm_tenths
2016-12-27,PRCP,GHCND:AR000875850,0,,,S,,mm_tenths
2017-01-01,PRCP,GHCND:AR000875850,0,,,S,,mm_tenths
2017-01-08,PRCP,GHCND:AR000875850,381,,,S,,mm_tenths
2017-01-09,PRCP,GHCND:AR000875850,0,,,S,,mm_tenths
2017-01-10,PRCP,GHCND:AR000875850,300,,,S,,mm_tenths
2017-01-11,PRCP,GHCND:AR000875850,0,,,S,,mm_tenths
2017-01-14,PRCP,GHCND:AR000875850,0,,,S,,mm_tenths
2017-01-16,PRCP,GHCND:AR000875850,119,,,S,,mm_tenths
2017-01-17,PRCP,GHCND:AR000875850,20,,,S,,mm_tenths
2017-01-18,PRCP,GHCND:AR000875850,0,,,S,,mm_tenths
2017-01-25,PRCP,GHCND:AR000875850,89,,,S,,mm_tenths
2017-01-26,PRCP,GHCND:AR000875850,0,,,S,,mm_tenths
2017-01-31,PRCP,GHCND:AR000875850,20,,,S,,mm_tenths
2017-02-01,PRCP,GHCND:AR000875850,51,,,S,,mm_tenths
2017-02-02,PRCP,GHCND:AR000875850,0,,,S,,mm_tenths
2017-02-05,PRCP,GHCND:AR000875850,160,,,S,,mm_tenths
2017-02-06,PRCP,GHCND:AR000875850,20,,,S,,mm_tenths
2017-02-07,PRCP,GHCND:AR000875850,0,,,S,,mm_tenths
2017-02-11,PRCP,GHCND:AR000875850,41,,,S,,mm_tenths
2017-02-12,PRCP,GHCND:AR000875850,51,,,S,,mm_tenths
2017-02-13,PRCP,GHCND:AR000875850,351,,,S,,mm_tenths
2017-02-14,PRCP,GHCND:AR000875850,259,,,S,,mm_tenths
2017-02-15,PRCP,GHCND:AR000875850,30,,,S,,mm_tenths
2017-02-16,PRCP,GHCND:AR000875850,0,,,S,,mm_tenths
2017-02-17,PRCP,GHCND:AR000875850,5,,,S,,mm_tenths
2017-02-18,PRCP,GHCND:AR000875850,41,,,S,,mm_tenths
2017-02-19,PRCP,GHCND:AR000875850,0,,,S,,mm_tenths
2017-02-22,PRCP,GHCND:AR000875850,330,,,S,,mm_tenths
2017-02-23,PRCP,GHCND:AR000875850,170,,,S,,mm_tenths
2017-02-24,PRCP,GHCND:AR000875850,0,,,S,,mm_tenths
2017-02-28,PRCP,GHCND:AR000875850,0,,,S,,mm_tenths
2017-03-03,PRCP,GHCND:AR000875850,5,,,S,,mm_tenths
2017-03-04,PRCP,GHCND:AR000875850,0,,,S,,mm_tenths
2017-03-05,PRCP,GHCND:AR000875850,0,,,S,,mm_tenths
2017-03-09,PRCP,GHCND:AR000875850,419,,,S,,mm_tenths
2017-03-10,PRCP,GHCND:AR000875850,0,,,S,,mm_tenths
2017-03-12,PRCP,GHCND:AR000875850,0,,,S,,mm_tenths
2017-03-16,PRCP,GHCND:AR000875850,300,,,S,,mm_tenths
2017-03-17,PRCP,GHCND:AR000875850,0,,,S,,mm_tenths
2017-03-27,PRCP,GHCND:AR000875850,0,,,S,,mm_tenths
2017-03-31,PRCP,GHCND:AR000875850,3,,,S,,mm_tenths
2017-04-01,PRCP,GHCND:AR000875850,0,,,S,,mm_tenths
2017-04-03,PRCP,GHCND:AR000875850,89,,,S,,mm_tenths
2017-04-04,PRCP,GHCND:AR000875850,0,,,S,,mm_tenths
2017-04-09,PRCP,GHCND:AR000875850,381,,,S,,mm_tenths
2017-04-10,PRCP,GHCND:AR000875850,191,,,S,,mm_tenths
2017-04-11,PRCP,GHCND:AR000875850,119,,,S,,mm_tenths
2017-04-12,PRCP,GHCND:AR000875850,0,,,S,,mm_tenths
2017-04-17,PRCP,GHCND:AR000875850,0,,,S,,mm_tenths
2017-04-18,PRCP,GHCND:AR000875850,0,,,S,,mm_tenths
2017-04-19,PRCP,GHCND:AR000875850,0,,,S,,mm_tenths
2017-04-20,PRCP,GHCND:AR000875850,10,,,S,,mm_tenths
2017-04-21,PRCP,GHCND:AR000875850,0,,,S,,mm_tenths
2017-04-26,PRCP,GHCND:AR000875850,391,,,S,,mm_tenths
2017-04-27,PRCP,GHCND:AR000875850,0,,,S,,mm_tenths
2017-05-03,PRCP,GHCND:AR000875850,3,,,S,,mm_tenths
2017-05-04,PRCP,GHCND:AR000875850,0,,,S,,mm_tenths
2017-05-08,PRCP,GHCND:AR000875850,1049,,,S,,mm_tenths
2017-05-09,PRCP,GHCND:AR000875850,61,,,S,,mm_tenths
2017-05-10,PRCP,GHCND:AR000875850,0,,,S,,mm_tenths
2017-05-12,PRCP,GHCND:AR000875850,109,,,S,,mm_tenths
2017-05-13,PRCP,GHCND:AR000875850,51,,,S,,mm_tenths
2017-05-14,PRCP,GHCND:AR000875850,0,,,S,,mm_tenths
2017-05-18,PRCP,GHCND:AR000875850,0,,,S,,mm_tenths
2017-05-19,PRCP,GHCND:AR000875850,51,,,S,,mm_tenths
2017-05-20,PRCP,GHCND:AR000875850,0,,,S,,mm_tenths
2017-05-21,PRCP,GHCND:AR000875850,41,,,S,,mm_tenths
2017-05-22,PRCP,GHCND:AR000875850,3,,,S,,mm_tenths
2017-05-23,PRCP,GHCND:AR000875850,0,,,S,,mm_tenths
2017-05-25,PRCP,GHCND:AR000875850,20,,,S,,mm_tenths
2017-05-26,PRCP,GHCND:AR000875850,20,,,S,,mm_tenths
2017-05-27,PRCP,GHCND:AR000875850,0,,,S,,mm_tenths
2017-05-29,PRCP,GHCND:AR000875850,5,,,S,,mm_tenths
2017-05-30,PRCP,GHCND:AR000875850,0,,,S,,mm_tenths
2017-06-09,PRCP,GHCND:AR000875850,0,,,S,,mm_tenths
2017-06-16,PRCP,GHCND:AR000875850,0,,,S,,mm_tenths
2017-06-17,PRCP,GHCND:AR000875850,0,,,S,,mm_tenths
2017-06-18,PRCP,GHCND:AR000875850,0,,,S,,mm_tenths
2017-06-19,PRCP,GHCND:AR000875850,0,,,S,,mm_tenths
2017-06-27,PRCP,GHCND:AR000875850,0,,,S,,mm_tenths
2017-06-28,PRCP,GHCND:AR000875850,3,,,S,,mm_tenths
2017-06-29,PRCP,GHCND:AR000875850,0,,,S,,mm_tenths
2017-07-07,PRCP,GHCND:AR000875850,51,D,,S,,mm_tenths
2017-07-08,PRCP,GHCND:AR000875850,391,,,S,,mm_tenths
2017-07-09,PRCP,GHCND:AR000875850,0,,,S,,mm_tenths
2017-07-10,PRCP,GHCND:AR000875850,310,,,S,,mm_tenths
2017-07-11,PRCP,GHCND:AR000875850,20,,,S,,mm_tenths
2017-07-12,PRCP,GHCND:AR000875850,0,,,S,,mm_tenths
2017-07-14,PRCP,GHCND:AR000875850,3,,,S,,mm_tenths
2017-07-15,PRCP,GHCND:AR000875850,30,,,S,,mm_tenths
2017-07-16,PRCP,GHCND:AR000875850,99,,,S,,mm_tenths
2017-07-17,PRCP,GHCND:AR000875850,0,,,S,,mm_tenths
2017-07-24,PRCP,GHCND:AR000875850,119,,,S,,mm_tenths
2017-07-25,PRCP,GHCND:AR000875850,0,,,S,,mm_tenths
2017-07-26,PRCP,GHCND:AR000875850,51,,,S,,mm_tenths
2017-07-27,PRCP,GHCND:AR000875850,0,,,S,,mm_tenths
2017-07-31,PRCP,GHCND:AR000875850,30,,,S,,mm_tenths
2017-08-01,PRCP,GHCND:AR000875850,10,,,S,,mm_tenths
2017-08-02,PRCP,GHCND:AR000875850,5,,,S,,mm_tenths
2017-08-03,PRCP,GHCND:AR000875850,0,,,S,,mm_tenths
2017-08-08,PRCP,GHCND:AR000875850,61,,,S,,mm_tenths
2017-08-09,PRCP,GHCND:AR000875850,0,,,S,,mm_tenths
2017-08-11,PRCP,GHCND:AR000875850,221,,,S,,mm_tenths
2017-08-12,PRCP,GHCND:AR000875850,61,,,S,,mm_tenths
2017-08-13,PRCP,GHCND:AR000875850,10,,,S,,mm_tenths
2017-08-14,PRCP,GHCND:AR000875850,0,,,S,,mm_tenths
2017-08-19,PRCP,GHCND:AR000875850,99,,,S,,mm_tenths
2017-08-20,PRCP,GHCND:AR000875850,5,,,S,,mm_tenths
2017-08-21,PRCP,GHCND:AR000875850,0,,,S,,mm_tenths
2017-08-24,PRCP,GHCND:AR000875850,10,,,S,,mm_tenths
2017-08-25,PRCP,GHCND:AR000875850,30,,,S,,mm_tenths
2017-08-26,PRCP,GHCND:AR000875850,201,,,S,,mm_tenths
2017-08-27,PRCP,GHCND:AR000875850,5,,,S,,mm_tenths
2017-08-28,PRCP,GHCND:AR000875850,0,,,S,,mm_tenths
2017-08-29,PRCP,GHCND:AR000875850,30,,,S,,mm_tenths
2017-08-30,PRCP,GHCND:AR000875850,3,,,S,,mm_tenths
2017-08-31,PRCP,GHCND:AR000875850,0,,,S,,mm_tenths
2017-09-03,PRCP,GHCND:AR000875850,20,,,S,,mm_tenths
2017-09-04,PRCP,GHCND:AR000875850,79,,,S,,mm_tenths
2017-09-05,PRCP,GHCND:AR000875850,0,,,S,,mm_tenths
2017-09-09,PRCP,GHCND:AR000875850,480,,,S,,mm_tenths
2017-09-10,PRCP,GHCND:AR000875850,589,,,S,,mm_tenths
2017-09-11,PRCP,GHCND:AR000875850,249,,,S,,mm_tenths
2017-09-12,PRCP,GHCND:AR000875850,0,,,S,,mm_tenths
2017-09-21,PRCP,GHCND:AR000875850,99,,,S,,mm_tenths
2017-09-22,PRCP,GHCND:AR000875850,160,,,S,,mm_tenths
2017-09-23,PRCP,GHCND:AR000875850,0,,,S,,mm_tenths
2017-09-27,PRCP,GHCND:AR000875850,201,,,S,,mm_tenths
2017-09-28,PRCP,GHCND:AR000875850,0,,,S,,mm_tenths
2017-10-01,PRCP,GHCND:AR000875850,490,,,S,,mm_tenths
2017-10-02,PRCP,GHCND:AR000875850,61,,,S,,mm_tenths
2017-10-03,PRCP,GHCND:AR000875850,3,,,S,,mm_tenths
2017-10-04,PRCP,GHCND:AR000875850,0,,,S,,mm_tenths
2017-10-09,PRCP,GHCND:AR000875850,5,,,S,,mm_tenths
2017-10-10,PRCP,GHCND:AR000875850,0,,,S,,mm_tenths
2017-10-11,PRCP,GHCND:AR000875850,0,,,S,,mm_tenths
2017-10-12,PRCP,GHCND:AR000875850,150,,,S,,mm_tenths
2017-10-13,PRCP,GHCND:AR000875850,10,,,S,,mm_tenths
2017-10-14,PRCP,GHCND:AR000875850,0,,,S,,mm_tenths
2017-10-19,PRCP,GHCND:AR000875850,99,,,S,,mm_tenths
2017-10-20,PRCP,GHCND:AR000875850,0,,,S,,mm_tenths
2017-10-21,PRCP,GHCND:AR000875850,0,,,S,,mm_tenths
2017-10-22,PRCP,GHCND:AR000875850,20,,,S,,mm_tenths
2017-10-23,PRCP,GHCND:AR000875850,0,,,S,,mm_tenths
2017-10-24,PRCP,GHCND:AR000875850,0,,,S,,mm_tenths
2017-10-27,PRCP,GHCND:AR000875850,89,,,S,,mm_tenths
2017-10-28,PRCP,GHCND:AR000875850,8,,,S,,mm_tenths
2017-10-29,PRCP,GHCND:AR000875850,0,,,S,,mm_tenths
2017-10-30,PRCP,GHCND:AR000875850,279,,,S,,mm_tenths
2017-10-31,PRCP,GHCND:AR000875850,0,,,S,,mm_tenths
2017-11-08,PRCP,GHCND:AR000875850,0,,,S,,mm_tenths
2017-11-16,PRCP,GHCND:AR000875850,20,,,S,,mm_tenths
2017-11-17,PRCP,GHCND:AR000875850,0,,,S,,mm_tenths
2017-11-20,PRCP,GHCND:AR000875850,0,,,S,,mm_tenths
2017-11-21,PRCP,GHCND:AR000875850,191,,,S,,mm_tenths
2017-11-22,PRCP,GHCND:AR000875850,0,,,S,,mm_tenths
2017-11-23,PRCP,GHCND:AR000875850,0,,,S,,mm_tenths
2017-11-24,PRCP,GHCND:AR000875850,0,,,S,,mm_tenths
2017-12-03,PRCP,GHCND:AR000875850,3,,,S,,mm_tenths
2017-12-04,PRCP,GHCND:AR000875850,160,,,S,,mm_tenths
2017-12-05,PRCP,GHCND:AR000875850,0,,,S,,mm_tenths
2017-12-07,PRCP,GHCND:AR000875850,0,,,S,,mm_tenths
2017-12-08,PRCP,GHCND:AR000875850,0,,,S,,mm_tenths
2017-12-14,PRCP,GHCND:AR000875850,30,,,S,,mm_tenths
2017-12-15,PRCP,GHCND:AR000875850,0,,,S,,mm_tenths
2017-12-17,PRCP,GHCND:AR000875850,480,,,S,,mm_tenths
2017-12-18,PRCP,GHCND:AR000875850,0,,,S,,mm_tenths
2017-12-19,PRCP,GHCND:AR000875850,3,,,S,,mm_tenths
2017-12-20,PRCP,GHCND:AR000875850,119,,,S,,mm_tenths
2017-12-21,PRCP,GHCND:AR000875850,0,,,S,,mm_tenths
2017-12-22,PRCP,GHCND:AR000875850,5,,,S,,mm_tenths
2017-12-23,PRCP,GHCND:AR000875850,109,,,S,,mm_tenths
2017-12-24,PRCP,GHCND:AR000875850,0,,,S,,mm_tenths
2017-12-27,PRCP,GHCND:AR000875850,0,,,S,,mm_tenths
2017-12-31,PRCP,GHCND:AR000875850,41,,,S,,mm_tenths
2018-01-14,PRCP,GHCND:AR000875850,150,,,S,,mm_tenths
2018-01-15,PRCP,GHCND:AR000875850,10,,,S,,mm_tenths
2018-01-16,PRCP,GHCND:AR000875850,0,,,S,,mm_tenths
2018-01-18,PRCP,GHCND:AR000875850,0,,,S,,mm_tenths
2018-01-19,PRCP,GHCND:AR000875850,10,,,S,,mm_tenths
2018-01-20,PRCP,GHCND:AR000875850,0,,,S,,mm_tenths
2018-01-23,PRCP,GHCND:AR000875850,8,,,S,,mm_tenths
2018-01-24,PRCP,GHCND:AR000875850,61,,,S,,mm_tenths
2018-01-25,PRCP,GHCND:AR000875850,0,,,S,,mm_tenths
2018-01-26,PRCP,GHCND:AR000875850,0,,,S,,mm_tenths
2018-01-27,PRCP,GHCND:AR000875850,0,,,S,,mm_tenths
2018-01-28,PRCP,GHCND:AR000875850,0,,,S,,mm_tenths
2018-02-09,PRCP,GHCND:AR000875850,20,,,S,,mm_tenths
2018-02-10,PRCP,GHCND:AR000875850,150,,,S,,mm_tenths
2018-02-11,PRCP,GHCND:AR000875850,89,,,S,,mm_tenths
2018-02-12,PRCP,GHCND:AR000875850,0,,,S,,mm_tenths
2018-02-19,PRCP,GHCND:AR000875850,221,,,S,,mm_tenths
2018-02-20,PRCP,GHCND:AR000875850,5,,,S,,mm_tenths
2018-02-21,PRCP,GHCND:AR000875850,0,,,S,,mm_tenths
2018-02-22,PRCP,GHCND:AR000875850,5,,,S,,mm_tenths
2018-02-23,PRCP,GHCND:AR000875850,0,,,S,,mm_tenths
2018-03-01,PRCP,GHCND:AR000875850,3,,,S,,mm_tenths
2018-03-02,PRCP,GHCND:AR000875850,0,,,S,,mm_tenths
2018-03-15,PRCP,GHCND:AR000875850,191,,,S,,mm_tenths
2018-03-16,PRCP,GHCND:AR000875850,0,,,S,,mm_tenths
2018-03-17,PRCP,GHCND:AR000875850,0,,,S,,mm_tenths
2018-03-18,PRCP,GHCND:AR000875850,290,,,S,,mm_tenths
2018-03-19,PRCP,GHCND:AR000875850,30,,,S,,mm_tenths
2018-03-20,PRCP,GHCND:AR000875850,0,,,S,,mm_tenths
2018-03-23,PRCP,GHCND:AR000875850,0,,,S,,mm_tenths
2018-03-24,PRCP,GHCND:AR000875850,119,,,S,,mm_tenths
2018-03-25,PRCP,GHCND:AR000875850,71,,,S,,mm_tenths
2018-03-26,PRCP,GHCND:AR000875850,0,,,S,,mm_tenths
2018-04-06,PRCP,GHCND:AR000875850,0,,,S,,mm_tenths
2018-04-07,PRCP,GHCND:AR000875850,521,,,S,,mm_tenths
2018-04-08,PRCP,GHCND:AR000875850,41,,,S,,mm_tenths
2018-04-09,PRCP,GHCND:AR000875850,61,,,S,,mm_tenths
2018-04-10,PRCP,GHCND:AR000875850,0,,,S,,mm_tenths
2018-04-12,PRCP,GHCND:AR000875850,191,,,S,,mm_tenths
2018-04-13,PRCP,GHCND:AR000875850,0,,,S,,mm_tenths
2018-04-20,PRCP,GHCND:AR000875850,51,,,S,,mm_tenths
2018-04-21,PRCP,GHCND:AR000875850,211,,,S,,mm_tenths
2018-04-22,PRCP,GHCND:AR000875850,0,,,S,,mm_tenths
2018-04-23,PRCP,GHCND:AR000875850,180,,,S,,mm_tenths
2018-04-24,PRCP,GHCND:AR000875850,0,,,S,,mm_tenths
2018-04-25,PRCP,GHCND:AR000875850,5,,,S,,mm_tenths
2018-04-26,PRCP,GHCND:AR000875850,0,,,S,,mm_tenths
2018-04-28,PRCP,GHCND:AR000875850,71,,,S,,mm_tenths
2018-04-29,PRCP,GHCND:AR000875850,1080,,,S,,mm_tenths
2018-04-30,PRCP,GHCND:AR000875850,221,,,S,,mm_tenths
2018-05-01,PRCP,GHCND:AR000875850,0,,,S,,mm_tenths
2018-05-02,PRCP,GHCND:AR000875850,20,,,S,,mm_tenths
2018-05-03,PRCP,GHCND:AR000875850,119,,,S,,mm_tenths
2018-05-04,PRCP,GHCND:AR000875850,0,,,S,,mm_tenths
2018-05-05,PRCP,GHCND:AR000875850,41,,,S,,mm_tenths
2018-05-06,PRCP,GHCND:AR000875850,51,,,S,,mm_tenths
2018-05-07,PRCP,GHCND:AR000875850,0,,,S,,mm_tenths
2018-05-08,PRCP,GHCND:AR000875850,61,,,S,,mm_tenths
2018-05-09,PRCP,GHCND:AR000875850,490,,,S,,mm_tenths
2018-05-10,PRCP,GHCND:AR000875850,0,,,S,,mm_tenths
2018-05-11,PRCP,GHCND:AR000875850,671,,,S,,mm_tenths
2018-05-12,PRCP,GHCND:AR000875850,0,,,S,,mm_tenths
2018-05-17,PRCP,GHCND:AR000875850,0,,,S,,mm_tenths
2018-05-18,PRCP,GHCND:AR000875850,51,,,S,,mm_tenths
2018-05-19,PRCP,GHCND:AR000875850,89,,,S,,mm_tenths
2018-05-20,PRCP,GHCND:AR000875850,0,,,S,,mm_tenths
2018-05-29,PRCP,GHCND:AR000875850,5,,,S,,mm_tenths
2018-05-30,PRCP,GHCND:AR000875850,439,,,S,,mm_tenths
2018-05-31,PRCP,GHCND:AR000875850,41,,,S,,mm_tenths
2018-06-01,PRCP,GHCND:AR000875850,89,,,S,,mm_tenths
2018-06-02,PRCP,GHCND:AR000875850,0,,,S,,mm_tenths
2018-06-04,PRCP,GHCND:AR000875850,3,,,S,,mm_tenths
2018-06-05,PRCP,GHCND:AR000875850,10,,,S,,mm_tenths
2018-06-06,PRCP,GHCND:AR000875850,0,,,S,,mm_tenths
2018-06-12,PRCP,GHCND:AR000875850,0,,,S,,mm_tenths
2018-06-13,PRCP,GHCND:AR000875850,51,,,S,,mm_tenths
2018-06-14,PRCP,GHCND:AR000875850,0,,,S,,mm_tenths
2018-06-21,PRCP,GHCND:AR000875850,3,,,S,,mm_tenths
2018-06-22,PRCP,GHCND:AR000875850,0,,,S,,mm_tenths
2018-06-23,PRCP,GHCND:AR000875850,0,,,S,,mm_tenths
2018-07-02,PRCP,GHCND:AR000875850,3,,,S,,mm_tenths
2018-07-03,PRCP,GHCND:AR000875850,0,,,S,,mm_tenths
2018-07-04,PRCP,GHCND:AR000875850,0,,,S,,mm_tenths
2018-07-05,PRCP,GHCND:AR000875850,0,,,S,,mm_tenths
2018-07-07,PRCP,GHCND:AR000875850,109,,,S,,mm_tenths
2018-07-08,PRCP,GHCND:AR000875850,71,,,S,,mm_tenths
2018-07-09,PRCP,GHCND:AR000875850,0,,,S,,mm_tenths
2018-07-10,PRCP,GHCND:AR000875850,0,,,S,,mm_tenths
2018-07-11,PRCP,GHCND:AR000875850,0,,,S,,mm_tenths
2018-07-18,PRCP,GHCND:AR000875850,5,,,S,,mm_tenths
2018-07-19,PRCP,GHCND:AR000875850,160,,,S,,mm_tenths
2018-07-20,PRCP,GHCND:AR000875850,239,,,S,,mm_tenths
2018-07-21,PRCP,GHCND:AR000875850,5,,,S,,mm_tenths
2018-07-22,PRCP,GHCND:AR000875850,0,,,S,,mm_tenths
2018-07-26,PRCP,GHCND:AR000875850,439,,,S,,mm_tenths
2018-07-27,PRCP,GHCND:AR000875850,20,,,S,,mm_tenths
2018-07-28,PRCP,GHCND:AR000875850,20,,,S,,mm_tenths
2018-07-29,PRCP,GHCND:AR000875850,180,,,S,,mm_tenths
2018-07-30,PRCP,GHCND:AR000875850,0,,,S,,mm_tenths
2018-07-31,PRCP,GHCND:AR000875850,0,,,S,,mm_tenths
2018-08-04,PRCP,GHCND:AR000875850,5,,,S,,mm_tenths
2018-08-05,PRCP,GHCND:AR000875850,0,,,S,,mm_tenths
2018-08-08,PRCP,GHCND:AR000875850,119,,,S,,mm_tenths
2018-08-09,PRCP,GHCND:AR000875850,99,,,S,,mm_tenths
2018-08-10,PRCP,GHCND:AR000875850,0,,,S,,mm_tenths
2018-08-12,PRCP,GHCND:AR000875850,0,,,S,,mm_tenths
2018-08-14,PRCP,GHCND:AR000875850,51,,,S,,mm_tenths
2018-08-15,PRCP,GHCND:AR000875850,0,,,S,,mm_tenths
2018-08-19,PRCP,GHCND:AR000875850,109,,,S,,mm_tenths
2018-08-20,PRCP,GHCND:AR000875850,0,,,S,,mm_tenths
2018-08-21,PRCP,GHCND:AR000875850,0,,,S,,mm_tenths
2018-08-27,PRCP,GHCND:AR000875850,0,,,S,,mm_tenths
2018-08-30,PRCP,GHCND:AR000875850,0,,,S,,mm_tenths
2018-08-31,PRCP,GHCND:AR000875850,140,,,S,,mm_tenths
2018-09-01,PRCP,GHCND:AR000875850,0,,,S,,mm_tenths
2018-09-10,PRCP,GHCND:AR000875850,41,,,S,,mm_tenths
2018-09-11,PRCP,GHCND:AR000875850,0,,,S,,mm_tenths
2018-09-14,PRCP,GHCND:AR000875850,0,,,S,,mm_tenths
2018-09-15,PRCP,GHCND:AR000875850,0,,,S,,mm_tenths
2018-09-16,PRCP,GHCND:AR000875850,109,,,S,,mm_tenths
2018-09-19,PRCP,GHCND:AR000875850,279,,,S,,mm_tenths
2018-09-20,PRCP,GHCND:AR000875850,0,,,S,,mm_tenths
2018-09-27,PRCP,GHCND:AR000875850,0,,,S,,mm_tenths
2018-09-28,PRCP,GHCND:AR000875850,99,,,S,,mm_tenths
2018-09-29,PRCP,GHCND:AR000875850,79,,,S,,mm_tenths
2018-09-30,PRCP,GHCND:AR000875850,480,,,S,,mm_tenths
2018-10-01,PRCP,GHCND:AR000875850,20,,,S,,mm_tenths
2018-10-02,PRCP,GHCND:AR000875850,0,,,S,,mm_tenths
2018-10-09,PRCP,GHCND:AR000875850,71,,,S,,mm_tenths
2018-10-10,PRCP,GHCND:AR000875850,0,,,S,,mm_tenths
2018-10-12,PRCP,GHCND:AR000875850,41,,,S,,mm_tenths
2018-10-13,PRCP,GHCND:AR000875850,0,,,S,,mm_tenths
2018-10-18,PRCP,GHCND:AR000875850,20,,,S,,mm_tenths
2018-10-19,PRCP,GHCND:AR000875850,0,,,S,,mm_tenths
2018-10-20,PRCP,GHCND:AR000875850,30,,,S,,mm_tenths
2018-10-21,PRCP,GHCND:AR000875850,20,,,S,,mm_tenths
2018-10-22,PRCP,GHCND:AR000875850,10,,,S,,mm_tenths
2018-10-23,PRCP,GHCND:AR000875850,0,,,S,,mm_tenths
2018-10-24,PRCP,GHCND:AR000875850,10,,,S,,mm_tenths
2018-10-25,PRCP,GHCND:AR000875850,41,,,S,,mm_tenths
2018-10-26,PRCP,GHCND:AR000875850,0,,,S,,mm_tenths
2018-10-27,PRCP,GHCND:AR000875850,0,,,S,,mm_tenths
2018-10-30,PRCP,GHCND:AR000875850,20,,,S,,mm_tenths
2018-10-31,PRCP,GHCND:AR000875850,61,,,S,,mm_tenths
2018-11-01,PRCP,GHCND:AR000875850,0,,,S,,mm_tenths
2018-11-03,PRCP,GHCND:AR000875850,5,,,S,,mm_tenths
2018-11-04,PRCP,GHCND:AR000875850,0,,,S,,mm_tenths
2018-11-10,PRCP,GHCND:AR000875850,419,,,S,,mm_tenths
2018-11-11,PRCP,GHCND:AR000875850,820,,,S,,mm_tenths
2018-11-12,PRCP,GHCND:AR000875850,0,,,S,,mm_tenths
2018-11-13,PRCP,GHCND:AR000875850,340,,,S,,mm_tenths
2018-11-14,PRCP,GHCND:AR000875850,0,,,S,,mm_tenths
2018-11-16,PRCP,GHCND:AR000875850,99,,,S,,mm_tenths
2018-11-23,PRCP,GHCND:AR000875850,30,,,S,,mm_tenths
2018-11-24,PRCP,GHCND:AR000875850,0,,,S,,mm_tenths
2018-11-28,PRCP,GHCND:AR000875850,0,,,S,,mm_tenths
2018-11-29,PRCP,GHCND:AR000875850,0,,,S,,mm_tenths
2018-11-30,PRCP,GHCND:AR000875850,0,,,S,,mm_tenths
2018-12-01,PRCP,GHCND:AR000875850,130,,,S,,mm_tenths
2018-12-02,PRCP,GHCND:AR000875850,0,,,S,,mm_tenths
2018-12-10,PRCP,GHCND:AR000875850,61,,,S,,mm_tenths
2018-12-11,PRCP,GHCND:AR000875850,30,,,S,,mm_tenths
2018-12-12,PRCP,GHCND:AR000875850,119,,,S,,mm_tenths
2018-12-13,PRCP,GHCND:AR000875850,8,,,S,,mm_tenths
2018-12-14,PRCP,GHCND:AR000875850,1011,,,S,,mm_tenths
2018-12-15,PRCP,GHCND:AR000875850,0,,,S,,mm_tenths
2018-12-17,PRCP,GHCND:AR000875850,800,,,S,,mm_tenths
2018-12-18,PRCP,GHCND:AR000875850,0,,,S,,mm_tenths
2018-12-19,PRCP,GHCND:AR000875850,5,,,S,,mm_tenths
2018-12-20,PRCP,GHCND:AR000875850,0,,,S,,mm_tenths
2018-12-21,PRCP,GHCND:AR000875850,559,,,S,,mm_tenths
2018-12-22,PRCP,GHCND:AR000875850,0,,,S,,mm_tenths
2018-12-29,PRCP,GHCND:AR000875850,239,,,S,,mm_tenths
2018-12-30,PRCP,GHCND:AR000875850,310,,,S,,mm_tenths
2018-12-31,PRCP,GHCND:AR000875850,0,,,S,,mm_tenths
2019-01-02,PRCP,GHCND:AR000875850,20,,,S,,mm_tenths
2019-01-03,PRCP,GHCND:AR000875850,89,,,S,,mm_tenths
2019-01-04,PRCP,GHCND:AR000875850,0,,,S,,mm_tenths
2019-01-06,PRCP,GHCND:AR000875850,10,,,S,,mm_tenths
2019-01-07,PRCP,GHCND:AR000875850,41,,,S,,mm_tenths
2019-01-08,PRCP,GHCND:AR000875850,0,,,S,,mm_tenths
2019-01-09,PRCP,GHCND:AR000875850,0,,,S,,mm_tenths
2019-01-10,PRCP,GHCND:AR000875850,0,,,S,,mm_tenths
2019-01-11,PRCP,GHCND:AR000875850,5,,,S,,mm_tenths
2019-01-12,PRCP,GHCND:AR000875850,0,,,S,,mm_tenths
2019-01-13,PRCP,GHCND:AR000875850,0,,,S,,mm_tenths
2019-01-14,PRCP,GHCND:AR000875850,41,,,S,,mm_tenths
2019-01-15,PRCP,GHCND:AR000875850,51,,,S,,mm_tenths
2019-01-16,PRCP,GHCND:AR000875850,391,,,S,,mm_tenths
2019-01-17,PRCP,GHCND:AR000875850,0,,,S,,mm_tenths
2019-01-18,PRCP,GHCND:AR000875850,41,,,S,,mm_tenths
2019-01-19,PRCP,GHCND:AR000875850,5,,,S,,mm_tenths
2019-01-20,PRCP,GHCND:AR000875850,0,,,S,,mm_tenths
2019-01-25,PRCP,GHCND:AR000875850,0,,,S,,mm_tenths
2019-01-26,PRCP,GHCND:AR000875850,269,,,S,,mm_tenths
2019-01-27,PRCP,GHCND:AR000875850,0,,,S,,mm_tenths
2019-01-30,PRCP,GHCND:AR000875850,391,,,S,,mm_tenths
2019-01-31,PRCP,GHCND:AR000875850,0,,,S,,mm_tenths
2019-02-23,PRCP,GHCND:AR000875850,224,D,,S,,mm_tenths
2019-03-15,PRCP,GHCND:AR000875850,0,,,S,,mm_tenths
2019-04-27,PRCP,GHCND:AR000875850,119,D,,S,,mm_tenths
2019-06-16,PRCP,GHCND:AR000875850,442,D,,S,,mm_tenths
2019-06-17,PRCP,GHCND:AR000875850,221,D,,S,,mm_tenths
2019-07-12,PRCP,GHCND:AR000875850,442,D,,S,,mm_tenths
2019-07-26,PRCP,GHCND:AR000875850,198,D,,S,,mm_tenths
2019-10-16,PRCP,GHCND:AR000875850,119,D,,S,,mm_tenths
